Date,Count
2006-11-10,0.125
2006-11-26,0.25
2006-11-27,1.0
2006-11-20,0.25
2006-11-14,0.125
2006-11-22,0.25
2006-11-16,0.625
2006-11-30,0.5
2006-11-29,0.125
2006-11-15,0.125
2006-11-06,0.25
2006-11-05,0.125
2006-11-07,0.25
2006-10-02,0.25
2006-10-25,0.125
2006-10-13,0.375
2006-10-12,0.375
2006-10-06,0.0
2006-10-07,0.125
2006-10-17,0.25
2006-10-23,0.125
2006-10-19,0.375
2006-10-03,0.25
2006-10-09,0.125
2006-10-26,0.25
2006-10-16,0.25
2006-10-01,0.125
2006-10-20,0.0
2006-10-21,0.0
2006-12-11,0.125
2006-12-10,0.125
2006-12-13,0.125
2006-12-27,0.25
2006-12-06,0.0
2006-12-07,0.125
2006-12-04,0.375
2006-12-16,0.375
2006-12-18,0.125
2006-12-08,0.375
2006-12-22,0.125
2006-12-28,0.625
2006-12-29,0.75
2006-12-23,0.0
2006-12-21,0.25
2006-12-30,0.125
2006-12-15,0.125
2006-12-31,0.25
2006-12-14,0.25
2006-06-24,0.125
2006-06-03,0.125
2006-06-13,0.125
2006-06-12,0.25
2006-06-06,0.25
2006-06-05,0.125
2006-06-18,0.125
2006-06-09,0.125
2006-06-29,0.125
2006-06-15,0.125
2006-07-02,0.125
2006-07-03,0.125
2006-07-27,0.25
2006-07-21,0.125
2006-07-25,0.125
2006-07-23,0.125
2006-07-31,0.125
2006-07-30,0.125
2006-07-28,0.25
2006-07-01,0.125
2006-07-24,0.125
2006-07-11,0.0
2006-04-24,0.25
2006-04-17,0.125
2006-04-04,0.25
2006-04-23,1.0
2006-04-18,0.125
2006-04-16,0.25
2006-05-13,0.25
2006-05-12,0.25
2006-05-17,0.125
2006-05-18,0.25
2006-05-08,0.125
2006-05-31,0.125
2006-03-02,0.125
2006-03-13,0.125
2006-03-27,0.125
2006-03-17,0.125
2006-03-16,0.125
2006-03-28,0.125
2006-03-26,0.125
2006-03-12,0.25
2006-08-24,0.25
2006-08-03,0.25
2006-08-27,0.25
2006-08-15,0.125
2006-08-07,0.125
2006-08-22,0.25
2006-08-05,0.375
2006-08-19,0.125
2006-08-23,0.125
2006-08-08,0.125
2006-08-09,0.25
2006-08-29,0.0
2006-08-04,0.125
2006-08-01,0.125
2006-08-25,0.25
2006-08-14,0.125
2006-08-20,0.25
2006-08-10,0.25
2006-02-11,0.125
2006-02-03,0.375
2006-02-26,0.125
2006-02-27,0.875
2006-02-21,0.0
2006-02-17,0.125
2006-02-23,0.125
2006-02-19,0.25
2006-02-09,0.375
2006-02-28,0.0
2006-02-01,0.25
2006-02-24,0.25
2006-02-12,0.125
2006-01-11,0.875
2006-01-25,0.875
2006-01-13,0.125
2006-01-12,0.5
2006-01-20,0.875
2006-01-07,0.75
2006-01-22,0.125
2006-01-30,0.5
2006-01-29,0.125
2006-01-26,0.125
2006-01-21,0.25
2006-01-14,0.25
2006-09-02,0.25
2006-09-25,0.5
2006-09-26,0.125
2006-09-12,0.125
2006-09-06,0.125
2006-09-17,0.25
2006-09-04,0.375
2006-09-05,0.375
2006-09-18,0.375
2006-09-22,0.25
2006-09-21,0.25
2006-09-27,0.125
2006-09-14,0.125
2006-09-11,0.25
2006-09-07,0.25
2007-02-02,0.285714285714
2007-02-25,0.190476190476
2007-02-26,0.285714285714
2007-02-27,0.0952380952381
2007-02-06,0.285714285714
2007-02-07,0.238095238095
2007-02-22,0.142857142857
2007-02-05,0.428571428571
2007-02-08,0.238095238095
2007-02-09,0.0952380952381
2007-02-28,0.047619047619
2007-02-14,0.047619047619
2007-02-24,0.238095238095
2007-02-03,0.285714285714
2007-02-01,0.142857142857
2007-02-20,0.0952380952381
2007-02-21,0.0952380952381
2007-02-10,0.0952380952381
2007-02-13,0.0952380952381
2007-02-12,0.285714285714
2007-02-15,0.190476190476
2007-02-04,0.190476190476
2007-02-17,0.0952380952381
2007-02-16,0.047619047619
2007-02-19,0.0952380952381
2007-02-18,0.047619047619
2007-02-23,0.190476190476
2007-03-07,0.0
2007-03-02,0.190476190476
2007-03-03,0.190476190476
2007-03-26,0.428571428571
2007-03-01,0.47619047619
2007-03-20,0.0952380952381
2007-03-21,0.333333333333
2007-03-22,0.238095238095
2007-03-05,0.238095238095
2007-03-23,0.190476190476
2007-03-08,0.238095238095
2007-03-09,0.428571428571
2007-03-28,0.380952380952
2007-03-29,0.238095238095
2007-03-24,0.047619047619
2007-03-25,0.047619047619
2007-03-27,0.238095238095
2007-03-06,0.380952380952
2007-03-14,0.190476190476
2007-03-11,0.0952380952381
2007-03-10,0.047619047619
2007-03-13,0.0952380952381
2007-03-12,0.047619047619
2007-03-15,0.190476190476
2007-03-04,0.142857142857
2007-03-16,0.190476190476
2007-03-19,0.142857142857
2007-03-18,0.0952380952381
2007-03-31,0.0952380952381
2007-03-30,0.0952380952381
2007-12-22,0.047619047619
2007-12-02,0.238095238095
2007-12-25,0.142857142857
2007-12-26,0.666666666667
2007-12-27,0.333333333333
2007-12-20,0.333333333333
2007-12-07,0.238095238095
2007-12-04,0.190476190476
2007-12-23,0.190476190476
2007-12-08,0.190476190476
2007-12-09,0.190476190476
2007-12-28,0.333333333333
2007-12-29,0.047619047619
2007-12-05,0.238095238095
2007-12-24,0.238095238095
2007-12-03,0.190476190476
2007-12-01,0.0952380952381
2007-12-06,0.047619047619
2007-12-21,0.142857142857
2007-12-11,0.666666666667
2007-12-10,0.142857142857
2007-12-13,0.761904761905
2007-12-12,0.428571428571
2007-12-15,0.142857142857
2007-12-14,0.428571428571
2007-12-17,0.238095238095
2007-12-16,0.47619047619
2007-12-19,0.333333333333
2007-12-18,0.47619047619
2007-12-31,0.857142857143
2007-12-30,0.428571428571
2007-06-22,0.0
2007-06-02,0.142857142857
2007-06-25,0.142857142857
2007-06-26,0.285714285714
2007-06-27,0.190476190476
2007-06-20,0.047619047619
2007-06-07,0.238095238095
2007-06-04,0.0952380952381
2007-06-05,0.047619047619
2007-06-23,0.428571428571
2007-06-08,0.142857142857
2007-06-09,0.142857142857
2007-06-28,0.0952380952381
2007-06-29,0.142857142857
2007-06-24,0.238095238095
2007-06-03,0.047619047619
2007-06-06,0.142857142857
2007-06-21,0.190476190476
2007-06-11,0.0952380952381
2007-06-10,0.238095238095
2007-06-13,0.285714285714
2007-06-12,0.142857142857
2007-06-15,0.142857142857
2007-06-14,0.333333333333
2007-06-17,0.142857142857
2007-06-18,0.190476190476
2007-06-30,0.0952380952381
2007-07-30,0.047619047619
2007-07-22,0.0952380952381
2007-07-24,0.0952380952381
2007-07-03,0.142857142857
2007-07-26,0.857142857143
2007-07-27,0.761904761905
2007-07-20,1.0
2007-07-07,0.0952380952381
2007-07-04,0.047619047619
2007-07-23,0.333333333333
2007-07-08,0.047619047619
2007-07-09,0.0952380952381
2007-07-28,0.333333333333
2007-07-29,0.333333333333
2007-07-02,0.047619047619
2007-07-25,0.0952380952381
2007-07-01,0.047619047619
2007-07-06,0.0952380952381
2007-07-21,0.047619047619
2007-07-11,0.047619047619
2007-07-10,0.0952380952381
2007-07-13,0.190476190476
2007-07-12,0.285714285714
2007-07-15,0.0952380952381
2007-07-14,0.142857142857
2007-07-17,0.0952380952381
2007-07-16,0.285714285714
2007-07-19,0.142857142857
2007-07-18,0.190476190476
2007-07-31,0.238095238095
2007-07-05,0.190476190476
2007-04-22,0.047619047619
2007-04-02,0.142857142857
2007-04-03,0.047619047619
2007-04-26,0.0952380952381
2007-04-01,0.0952380952381
2007-04-06,0.0952380952381
2007-04-04,0.333333333333
2007-04-23,0.0952380952381
2007-04-08,0.047619047619
2007-04-09,0.0952380952381
2007-04-28,0.047619047619
2007-04-29,0.0
2007-04-24,0.190476190476
2007-04-20,0.0952380952381
2007-04-11,0.142857142857
2007-04-10,0.380952380952
2007-04-12,0.047619047619
2007-04-15,0.238095238095
2007-04-14,0.047619047619
2007-04-16,0.190476190476
2007-04-19,0.0952380952381
2007-04-18,0.047619047619
2007-04-30,0.0
2007-05-02,0.142857142857
2007-05-25,0.333333333333
2007-05-26,0.190476190476
2007-05-27,0.0952380952381
2007-05-20,0.142857142857
2007-05-22,0.190476190476
2007-05-05,0.047619047619
2007-05-23,0.142857142857
2007-05-08,0.190476190476
2007-05-28,0.190476190476
2007-05-29,0.0952380952381
2007-05-24,0.047619047619
2007-05-03,0.047619047619
2007-05-01,0.047619047619
2007-05-10,0.333333333333
2007-05-13,0.047619047619
2007-05-12,0.047619047619
2007-05-15,0.0952380952381
2007-05-14,0.238095238095
2007-05-17,0.190476190476
2007-05-16,0.0952380952381
2007-05-18,0.190476190476
2007-05-31,0.0952380952381
2007-05-30,0.047619047619
2007-08-04,0.428571428571
2007-08-24,0.047619047619
2007-08-25,0.190476190476
2007-08-26,0.238095238095
2007-08-27,0.238095238095
2007-08-20,0.142857142857
2007-08-07,0.333333333333
2007-08-22,0.190476190476
2007-08-23,0.238095238095
2007-08-08,0.333333333333
2007-08-09,0.0952380952381
2007-08-28,0.047619047619
2007-08-29,0.333333333333
2007-08-05,0.047619047619
2007-08-02,0.238095238095
2007-08-03,0.142857142857
2007-08-01,0.333333333333
2007-08-06,0.142857142857
2007-08-21,0.047619047619
2007-08-11,0.190476190476
2007-08-10,0.238095238095
2007-08-13,0.047619047619
2007-08-12,0.380952380952
2007-08-15,0.380952380952
2007-08-14,0.333333333333
2007-08-17,0.285714285714
2007-08-16,0.190476190476
2007-08-19,0.0952380952381
2007-08-18,0.047619047619
2007-08-31,0.047619047619
2007-08-30,0.047619047619
2007-09-22,0.0952380952381
2007-09-24,0.238095238095
2007-09-25,0.0952380952381
2007-09-26,0.047619047619
2007-09-27,0.0952380952381
2007-09-06,0.142857142857
2007-09-21,0.190476190476
2007-09-04,0.333333333333
2007-09-05,0.238095238095
2007-09-08,0.142857142857
2007-09-09,0.142857142857
2007-09-28,0.190476190476
2007-09-29,0.047619047619
2007-09-02,0.0952380952381
2007-09-03,0.0952380952381
2007-09-20,0.142857142857
2007-09-07,0.380952380952
2007-09-11,0.0952380952381
2007-09-10,0.333333333333
2007-09-13,0.380952380952
2007-09-12,0.333333333333
2007-09-15,0.238095238095
2007-09-14,0.428571428571
2007-09-17,0.285714285714
2007-09-16,0.238095238095
2007-09-19,0.047619047619
2007-09-18,0.52380952381
2007-09-30,0.238095238095
2007-01-04,0.0952380952381
2007-01-02,0.0952380952381
2007-01-25,0.142857142857
2007-01-26,0.238095238095
2007-01-01,0.0952380952381
2007-01-20,0.238095238095
2007-01-22,0.142857142857
2007-01-23,0.285714285714
2007-01-08,0.047619047619
2007-01-09,0.047619047619
2007-01-28,0.047619047619
2007-01-29,0.380952380952
2007-01-05,0.047619047619
2007-01-24,0.285714285714
2007-01-03,0.0
2007-01-06,0.0952380952381
2007-01-11,0.142857142857
2007-01-13,0.142857142857
2007-01-12,0.142857142857
2007-01-15,0.047619047619
2007-01-14,0.714285714286
2007-01-17,0.190476190476
2007-01-19,0.285714285714
2007-01-18,0.238095238095
2007-01-31,0.047619047619
2007-01-30,0.142857142857
2007-11-02,0.142857142857
2007-11-25,0.380952380952
2007-11-26,0.428571428571
2007-11-01,0.285714285714
2007-11-06,0.047619047619
2007-11-07,0.190476190476
2007-11-04,0.285714285714
2007-11-23,0.238095238095
2007-11-08,0.238095238095
2007-11-09,0.142857142857
2007-11-28,0.142857142857
2007-11-29,0.190476190476
2007-11-24,0.190476190476
2007-11-03,0.666666666667
2007-11-27,0.285714285714
2007-11-20,0.380952380952
2007-11-21,0.142857142857
2007-11-11,0.0952380952381
2007-11-10,0.047619047619
2007-11-13,0.333333333333
2007-11-12,0.238095238095
2007-11-15,0.190476190476
2007-11-14,0.285714285714
2007-11-17,0.238095238095
2007-11-16,0.190476190476
2007-11-19,0.380952380952
2007-11-18,0.238095238095
2007-11-30,0.142857142857
2007-10-04,0.0952380952381
2007-10-02,0.333333333333
2007-10-03,0.47619047619
2007-10-26,0.142857142857
2007-10-01,0.047619047619
2007-10-20,0.428571428571
2007-10-21,0.190476190476
2007-10-22,0.333333333333
2007-10-05,0.190476190476
2007-10-23,0.190476190476
2007-10-08,0.571428571429
2007-10-09,0.285714285714
2007-10-28,0.238095238095
2007-10-29,0.190476190476
2007-10-24,0.238095238095
2007-10-25,0.047619047619
2007-10-06,0.047619047619
2007-10-07,0.190476190476
2007-10-11,0.142857142857
2007-10-10,0.0952380952381
2007-10-13,0.380952380952
2007-10-12,0.190476190476
2007-10-15,0.47619047619
2007-10-14,0.0952380952381
2007-10-17,0.142857142857
2007-10-16,0.047619047619
2007-10-19,0.142857142857
2007-10-18,0.0952380952381
2007-10-31,0.047619047619
2007-10-30,0.285714285714
2005-11-23,1.0
2005-10-12,0.333333333333
2005-12-31,0.333333333333
2005-12-30,0.666666666667
2005-12-15,1.0
2005-12-16,0.0
2005-07-18,0.666666666667
2005-07-08,0.333333333333
2005-07-12,0.333333333333
2005-04-18,0.333333333333
2005-04-08,0.333333333333
2005-04-07,0.333333333333
2005-04-14,0.333333333333
2005-03-08,0.333333333333
2005-03-29,0.333333333333
2005-08-20,0.333333333333
2005-05-16,0.333333333333
2014-02-04,0.477707006369
2014-02-02,0.490445859873
2014-02-25,0.484076433121
2014-02-26,0.579617834395
2014-02-27,0.643312101911
2014-02-20,0.624203821656
2014-02-07,0.464968152866
2014-02-22,0.617834394904
2014-02-05,0.656050955414
2014-02-08,0.770700636943
2014-02-09,0.503184713376
2014-02-28,0.71974522293
2014-02-24,0.745222929936
2014-02-03,0.547770700637
2014-02-01,0.675159235669
2014-02-06,0.592356687898
2014-02-21,0.573248407643
2014-02-11,0.471337579618
2014-02-10,0.611464968153
2014-02-13,0.477707006369
2014-02-12,0.675159235669
2014-02-15,0.770700636943
2014-02-14,0.554140127389
2014-02-17,0.656050955414
2014-02-16,0.757961783439
2014-02-19,0.675159235669
2014-02-18,0.585987261146
2014-02-23,0.738853503185
2014-03-04,0.458598726115
2014-03-24,0.643312101911
2014-03-25,0.605095541401
2014-03-26,0.643312101911
2014-03-01,0.700636942675
2014-03-06,0.656050955414
2014-03-07,0.522292993631
2014-03-22,0.643312101911
2014-03-23,0.821656050955
2014-03-08,0.796178343949
2014-03-09,0.675159235669
2014-03-28,0.547770700637
2014-03-29,0.624203821656
2014-03-05,0.630573248408
2014-03-02,0.84076433121
2014-03-03,0.490445859873
2014-03-27,0.605095541401
2014-03-20,0.547770700637
2014-03-21,0.611464968153
2014-03-11,0.617834394904
2014-03-10,0.643312101911
2014-03-13,0.573248407643
2014-03-12,0.573248407643
2014-03-15,0.656050955414
2014-03-14,0.592356687898
2014-03-17,0.687898089172
2014-03-16,0.700636942675
2014-03-19,0.541401273885
2014-03-18,0.668789808917
2014-03-31,0.662420382166
2014-03-30,0.694267515924
2014-01-24,0.624203821656
2014-01-03,0.713375796178
2014-01-26,0.630573248408
2014-01-27,0.43949044586
2014-01-20,0.700636942675
2014-01-07,0.503184713376
2014-01-22,0.312101910828
2014-01-23,0.490445859873
2014-01-08,0.59872611465
2014-01-09,0.579617834395
2014-01-28,0.43949044586
2014-01-29,0.643312101911
2014-01-14,0.477707006369
2014-01-05,0.56050955414
2014-01-02,0.745222929936
2014-01-25,0.585987261146
2014-01-01,0.490445859873
2014-01-06,0.732484076433
2014-01-21,0.528662420382
2014-01-11,0.662420382166
2014-01-10,0.707006369427
2014-01-13,0.605095541401
2014-01-12,0.649681528662
2014-01-15,0.43949044586
2014-01-04,1.0
2014-01-17,0.630573248408
2014-01-16,0.528662420382
2014-01-19,0.726114649682
2014-01-18,0.796178343949
2014-01-31,0.585987261146
2014-01-30,0.592356687898
2014-06-22,0.554140127389
2014-06-24,0.566878980892
2014-06-25,0.592356687898
2014-06-26,0.611464968153
2014-06-01,0.573248407643
2014-06-20,0.687898089172
2014-06-07,0.700636942675
2014-06-04,0.477707006369
2014-06-23,0.522292993631
2014-06-08,0.566878980892
2014-06-09,0.573248407643
2014-06-28,0.732484076433
2014-06-29,0.509554140127
2014-06-05,0.547770700637
2014-06-02,0.700636942675
2014-06-03,0.522292993631
2014-06-27,0.668789808917
2014-06-06,0.59872611465
2014-06-21,0.617834394904
2014-06-11,0.477707006369
2014-06-10,0.509554140127
2014-06-13,0.496815286624
2014-06-12,0.541401273885
2014-06-15,0.541401273885
2014-06-14,0.515923566879
2014-06-17,0.541401273885
2014-06-16,0.490445859873
2014-06-19,0.43949044586
2014-06-18,0.592356687898
2014-06-30,0.490445859873
2014-07-02,0.662420382166
2014-07-10,0.490445859873
2014-07-13,0.668789808917
2014-07-01,0.547770700637
2014-07-06,0.668789808917
2014-07-14,0.668789808917
2014-07-04,0.343949044586
2014-07-03,0.541401273885
2014-07-08,0.515923566879
2014-07-09,0.522292993631
2014-07-16,0.503184713376
2014-07-12,0.847133757962
2014-07-11,0.630573248408
2014-07-15,0.636942675159
2014-07-05,0.585987261146
2014-07-07,0.675159235669
2014-04-30,0.541401273885
2014-04-04,0.477707006369
2014-04-24,0.585987261146
2014-04-25,0.515923566879
2014-04-26,0.687898089172
2014-04-01,0.541401273885
2014-04-06,0.56050955414
2014-04-21,0.566878980892
2014-04-22,0.732484076433
2014-04-05,0.694267515924
2014-04-08,0.71974522293
2014-04-09,0.643312101911
2014-04-28,0.605095541401
2014-04-29,0.617834394904
2014-04-02,0.566878980892
2014-04-03,0.777070063694
2014-04-27,0.700636942675
2014-04-20,0.573248407643
2014-04-07,0.509554140127
2014-04-11,0.573248407643
2014-04-10,0.624203821656
2014-04-13,0.585987261146
2014-04-12,0.656050955414
2014-04-15,0.547770700637
2014-04-14,0.605095541401
2014-04-17,0.579617834395
2014-04-16,0.605095541401
2014-04-19,0.713375796178
2014-04-18,0.528662420382
2014-04-23,0.783439490446
2014-05-22,0.535031847134
2014-05-02,0.59872611465
2014-05-03,0.484076433121
2014-05-26,0.573248407643
2014-05-27,0.630573248408
2014-05-20,0.624203821656
2014-05-07,0.363057324841
2014-05-04,0.573248407643
2014-05-05,0.656050955414
2014-05-23,0.59872611465
2014-05-08,0.566878980892
2014-05-09,0.59872611465
2014-05-28,0.579617834395
2014-05-29,0.59872611465
2014-05-24,0.834394904459
2014-05-25,0.56050955414
2014-05-01,0.522292993631
2014-05-06,0.535031847134
2014-05-21,0.611464968153
2014-05-11,0.757961783439
2014-05-10,0.579617834395
2014-05-13,0.477707006369
2014-05-12,0.59872611465
2014-05-15,0.490445859873
2014-05-14,0.700636942675
2014-05-17,0.605095541401
2014-05-16,0.573248407643
2014-05-19,0.726114649682
2014-05-18,0.732484076433
2014-05-31,0.592356687898
2014-05-30,0.541401273885
2008-02-24,0.189189189189
2008-02-03,0.135135135135
2008-02-26,0.621621621622
2008-02-01,0.756756756757
2008-02-20,0.297297297297
2008-02-07,0.216216216216
2008-02-04,0.27027027027
2008-02-05,0.540540540541
2008-02-08,0.189189189189
2008-02-09,0.486486486486
2008-02-28,0.216216216216
2008-02-29,0.189189189189
2008-02-14,0.108108108108
2008-02-02,0.459459459459
2008-02-25,0.567567567568
2008-02-27,0.351351351351
2008-02-06,0.378378378378
2008-02-21,0.324324324324
2008-02-11,0.162162162162
2008-02-10,0.216216216216
2008-02-13,0.135135135135
2008-02-12,0.297297297297
2008-02-15,0.243243243243
2008-02-22,0.108108108108
2008-02-17,0.243243243243
2008-02-16,0.378378378378
2008-02-19,0.621621621622
2008-02-18,0.513513513514
2008-02-23,0.351351351351
2008-03-22,0.378378378378
2008-03-24,0.162162162162
2008-03-03,0.459459459459
2008-03-26,0.405405405405
2008-03-01,0.135135135135
2008-03-06,0.351351351351
2008-03-21,0.243243243243
2008-03-04,0.486486486486
2008-03-05,0.243243243243
2008-03-23,0.0810810810811
2008-03-08,0.594594594595
2008-03-09,0.135135135135
2008-03-28,0.135135135135
2008-03-29,0.297297297297
2008-03-02,0.189189189189
2008-03-25,0.540540540541
2008-03-27,0.216216216216
2008-03-20,0.243243243243
2008-03-07,0.0810810810811
2008-03-11,0.405405405405
2008-03-10,0.243243243243
2008-03-13,0.378378378378
2008-03-12,0.216216216216
2008-03-15,0.108108108108
2008-03-14,0.162162162162
2008-03-17,0.162162162162
2008-03-16,0.135135135135
2008-03-19,0.108108108108
2008-03-18,0.405405405405
2008-03-31,0.108108108108
2008-03-30,0.27027027027
2008-01-30,0.351351351351
2008-01-24,0.702702702703
2008-01-25,0.243243243243
2008-01-26,0.324324324324
2008-01-27,0.0540540540541
2008-01-06,0.351351351351
2008-01-21,0.243243243243
2008-01-22,0.459459459459
2008-01-05,0.216216216216
2008-01-08,0.297297297297
2008-01-09,0.486486486486
2008-01-28,0.540540540541
2008-01-29,0.378378378378
2008-01-14,0.351351351351
2008-01-02,0.243243243243
2008-01-03,0.135135135135
2008-01-01,0.108108108108
2008-01-20,0.135135135135
2008-01-07,0.243243243243
2008-01-11,0.027027027027
2008-01-10,0.216216216216
2008-01-13,0.351351351351
2008-01-12,0.243243243243
2008-01-15,0.189189189189
2008-01-04,0.189189189189
2008-01-17,0.0810810810811
2008-01-16,0.162162162162
2008-01-19,0.243243243243
2008-01-18,0.135135135135
2008-01-31,0.243243243243
2008-01-23,0.459459459459
2008-06-22,0.513513513514
2008-06-02,0.297297297297
2008-06-03,0.756756756757
2008-06-26,0.324324324324
2008-06-01,0.243243243243
2008-06-06,0.216216216216
2008-06-21,0.405405405405
2008-06-04,0.27027027027
2008-06-23,0.351351351351
2008-06-08,0.216216216216
2008-06-09,0.540540540541
2008-06-28,0.108108108108
2008-06-29,0.513513513514
2008-06-05,0.27027027027
2008-06-24,0.810810810811
2008-06-25,0.648648648649
2008-06-27,0.243243243243
2008-06-20,0.756756756757
2008-06-07,0.216216216216
2008-06-11,0.243243243243
2008-06-10,0.432432432432
2008-06-13,0.459459459459
2008-06-12,0.297297297297
2008-06-15,0.783783783784
2008-06-14,0.297297297297
2008-06-17,0.702702702703
2008-06-16,0.378378378378
2008-06-19,0.540540540541
2008-06-18,0.324324324324
2008-06-30,0.297297297297
2008-07-04,0.135135135135
2008-07-02,0.27027027027
2008-07-03,0.378378378378
2008-07-26,0.216216216216
2008-07-01,0.405405405405
2008-07-06,0.405405405405
2008-07-21,0.378378378378
2008-07-22,0.648648648649
2008-07-23,0.297297297297
2008-07-08,0.648648648649
2008-07-09,0.378378378378
2008-07-28,0.351351351351
2008-07-29,0.243243243243
2008-07-05,0.351351351351
2008-07-24,0.621621621622
2008-07-25,0.351351351351
2008-07-27,0.324324324324
2008-07-20,0.351351351351
2008-07-07,0.540540540541
2008-07-11,0.243243243243
2008-07-10,0.351351351351
2008-07-13,0.486486486486
2008-07-12,0.297297297297
2008-07-15,0.297297297297
2008-07-14,0.621621621622
2008-07-17,0.243243243243
2008-07-16,0.378378378378
2008-07-19,0.297297297297
2008-07-18,0.297297297297
2008-07-31,0.378378378378
2008-07-30,0.243243243243
2008-04-04,0.162162162162
2008-04-02,0.72972972973
2008-04-03,0.162162162162
2008-04-26,0.27027027027
2008-04-01,0.594594594595
2008-04-06,0.432432432432
2008-04-21,0.297297297297
2008-04-22,0.27027027027
2008-04-05,0.27027027027
2008-04-23,0.243243243243
2008-04-08,0.351351351351
2008-04-09,0.216216216216
2008-04-28,0.162162162162
2008-04-29,0.486486486486
2008-04-24,0.243243243243
2008-04-25,0.27027027027
2008-04-27,0.243243243243
2008-04-20,0.243243243243
2008-04-07,0.27027027027
2008-04-11,0.486486486486
2008-04-10,0.459459459459
2008-04-13,0.405405405405
2008-04-12,0.243243243243
2008-04-15,0.351351351351
2008-04-14,0.513513513514
2008-04-17,0.189189189189
2008-04-16,0.243243243243
2008-04-19,0.135135135135
2008-04-18,0.297297297297
2008-04-30,0.513513513514
2008-05-02,0.162162162162
2008-05-25,0.405405405405
2008-05-26,0.405405405405
2008-05-01,0.297297297297
2008-05-20,0.540540540541
2008-05-21,0.243243243243
2008-05-04,0.297297297297
2008-05-05,0.27027027027
2008-05-23,0.189189189189
2008-05-08,0.540540540541
2008-05-09,0.216216216216
2008-05-28,0.675675675676
2008-05-29,0.351351351351
2008-05-14,0.189189189189
2008-05-24,0.27027027027
2008-05-03,0.216216216216
2008-05-27,1.0
2008-05-06,0.135135135135
2008-05-07,0.297297297297
2008-05-11,0.243243243243
2008-05-10,0.135135135135
2008-05-13,0.513513513514
2008-05-12,0.486486486486
2008-05-15,0.351351351351
2008-05-22,0.351351351351
2008-05-17,0.27027027027
2008-05-16,0.297297297297
2008-05-19,0.297297297297
2008-05-18,0.216216216216
2008-05-31,0.459459459459
2008-05-30,0.108108108108
2008-08-30,0.189189189189
2008-08-24,0.540540540541
2008-08-03,0.486486486486
2008-08-26,0.405405405405
2008-08-27,0.351351351351
2008-08-06,0.351351351351
2008-08-07,0.243243243243
2008-08-04,0.378378378378
2008-08-23,0.513513513514
2008-08-08,0.378378378378
2008-08-09,0.135135135135
2008-08-28,0.594594594595
2008-08-29,0.243243243243
2008-08-14,0.324324324324
2008-08-02,0.432432432432
2008-08-25,0.621621621622
2008-08-01,0.324324324324
2008-08-20,0.513513513514
2008-08-21,0.513513513514
2008-08-11,0.243243243243
2008-08-10,0.378378378378
2008-08-13,0.27027027027
2008-08-12,0.72972972973
2008-08-15,0.432432432432
2008-08-22,0.405405405405
2008-08-17,0.432432432432
2008-08-16,0.567567567568
2008-08-19,0.459459459459
2008-08-18,0.513513513514
2008-08-31,0.378378378378
2008-08-05,0.378378378378
2008-09-24,0.459459459459
2008-09-25,0.351351351351
2008-09-26,0.108108108108
2008-09-01,0.351351351351
2008-09-06,0.459459459459
2008-09-07,0.405405405405
2008-09-04,0.378378378378
2008-09-23,0.486486486486
2008-09-08,0.351351351351
2008-09-09,0.351351351351
2008-09-28,0.432432432432
2008-09-29,0.351351351351
2008-09-14,0.243243243243
2008-09-05,0.513513513514
2008-09-02,0.594594594595
2008-09-03,0.324324324324
2008-09-27,0.351351351351
2008-09-20,0.378378378378
2008-09-21,0.351351351351
2008-09-11,0.189189189189
2008-09-10,0.459459459459
2008-09-13,0.162162162162
2008-09-12,0.297297297297
2008-09-15,0.432432432432
2008-09-22,0.27027027027
2008-09-17,0.378378378378
2008-09-16,0.594594594595
2008-09-19,0.432432432432
2008-09-18,0.405405405405
2008-09-30,0.243243243243
2008-12-04,0.513513513514
2008-12-24,0.189189189189
2008-12-03,0.378378378378
2008-12-26,0.297297297297
2008-12-27,0.621621621622
2008-12-20,0.459459459459
2008-12-07,0.540540540541
2008-12-22,0.432432432432
2008-12-05,0.297297297297
2008-12-23,0.675675675676
2008-12-08,0.459459459459
2008-12-09,0.486486486486
2008-12-28,0.540540540541
2008-12-29,0.486486486486
2008-12-02,0.621621621622
2008-12-25,0.27027027027
2008-12-01,0.675675675676
2008-12-06,0.378378378378
2008-12-21,0.432432432432
2008-12-11,0.351351351351
2008-12-10,0.405405405405
2008-12-13,0.297297297297
2008-12-12,0.27027027027
2008-12-15,0.675675675676
2008-12-14,0.594594594595
2008-12-17,0.378378378378
2008-12-16,0.594594594595
2008-12-19,0.351351351351
2008-12-18,0.189189189189
2008-12-31,0.378378378378
2008-12-30,0.675675675676
2008-11-04,0.378378378378
2008-11-02,0.567567567568
2008-11-03,0.567567567568
2008-11-26,0.459459459459
2008-11-01,0.216216216216
2008-11-06,0.567567567568
2008-11-07,0.297297297297
2008-11-22,0.378378378378
2008-11-23,0.567567567568
2008-11-08,0.513513513514
2008-11-09,0.567567567568
2008-11-28,0.27027027027
2008-11-29,0.216216216216
2008-11-05,0.432432432432
2008-11-24,0.405405405405
2008-11-25,0.675675675676
2008-11-27,0.162162162162
2008-11-20,0.432432432432
2008-11-21,0.351351351351
2008-11-11,0.594594594595
2008-11-10,0.648648648649
2008-11-13,0.486486486486
2008-11-12,0.27027027027
2008-11-15,0.648648648649
2008-11-14,0.459459459459
2008-11-17,0.540540540541
2008-11-16,0.459459459459
2008-11-19,0.351351351351
2008-11-18,0.864864864865
2008-11-30,0.324324324324
2008-10-02,0.459459459459
2008-10-25,0.324324324324
2008-10-26,0.459459459459
2008-10-27,0.405405405405
2008-10-06,0.378378378378
2008-10-07,0.702702702703
2008-10-04,0.324324324324
2008-10-23,0.702702702703
2008-10-08,0.513513513514
2008-10-09,0.405405405405
2008-10-28,0.72972972973
2008-10-29,0.405405405405
2008-10-05,0.351351351351
2008-10-24,0.216216216216
2008-10-03,0.135135135135
2008-10-01,0.162162162162
2008-10-20,0.297297297297
2008-10-14,0.405405405405
2008-10-11,0.351351351351
2008-10-10,0.567567567568
2008-10-13,0.756756756757
2008-10-12,0.189189189189
2008-10-15,0.351351351351
2008-10-22,0.594594594595
2008-10-17,0.27027027027
2008-10-16,0.378378378378
2008-10-19,0.378378378378
2008-10-18,0.0810810810811
2008-10-31,0.297297297297
2008-10-30,0.378378378378
2008-10-21,0.540540540541
2009-11-07,0.418604651163
2009-11-24,0.581395348837
2009-11-25,0.488372093023
2009-11-26,0.139534883721
2009-11-27,0.139534883721
2009-11-20,0.558139534884
2009-11-21,0.511627906977
2009-11-04,0.302325581395
2009-11-23,0.720930232558
2009-11-08,0.953488372093
2009-11-09,0.488372093023
2009-11-28,0.418604651163
2009-11-29,0.441860465116
2009-11-05,0.232558139535
2009-11-02,0.488372093023
2009-11-03,0.767441860465
2009-11-01,0.627906976744
2009-11-06,0.441860465116
2009-11-14,0.372093023256
2009-11-11,0.93023255814
2009-11-10,0.558139534884
2009-11-13,0.395348837209
2009-11-12,0.581395348837
2009-11-15,0.604651162791
2009-11-22,0.697674418605
2009-11-17,0.651162790698
2009-11-16,0.720930232558
2009-11-19,0.558139534884
2009-11-18,0.790697674419
2009-11-30,0.744186046512
2009-02-04,0.488372093023
2009-02-24,0.511627906977
2009-02-03,0.906976744186
2009-02-26,0.186046511628
2009-02-27,0.372093023256
2009-02-20,0.279069767442
2009-02-07,0.395348837209
2009-02-22,0.395348837209
2009-02-23,0.906976744186
2009-02-08,0.418604651163
2009-02-09,0.46511627907
2009-02-28,0.46511627907
2009-02-02,0.325581395349
2009-02-25,0.581395348837
2009-02-01,0.162790697674
2009-02-06,0.441860465116
2009-02-21,0.232558139535
2009-02-11,0.604651162791
2009-02-10,0.325581395349
2009-02-13,0.302325581395
2009-02-12,0.418604651163
2009-02-15,0.279069767442
2009-02-14,0.232558139535
2009-02-17,0.46511627907
2009-02-16,0.813953488372
2009-02-19,0.581395348837
2009-02-18,0.348837209302
2009-02-05,0.53488372093
2009-01-22,0.860465116279
2009-01-24,0.581395348837
2009-01-03,0.348837209302
2009-01-26,0.813953488372
2009-01-27,0.860465116279
2009-01-20,0.651162790698
2009-01-07,0.581395348837
2009-01-04,0.744186046512
2009-01-05,0.744186046512
2009-01-23,0.53488372093
2009-01-08,0.46511627907
2009-01-09,0.581395348837
2009-01-28,0.790697674419
2009-01-29,0.511627906977
2009-01-02,0.441860465116
2009-01-25,0.790697674419
2009-01-01,0.395348837209
2009-01-06,0.860465116279
2009-01-21,0.46511627907
2009-01-11,0.93023255814
2009-01-10,0.697674418605
2009-01-13,0.651162790698
2009-01-12,0.651162790698
2009-01-15,0.558139534884
2009-01-14,0.325581395349
2009-01-17,0.441860465116
2009-01-16,0.604651162791
2009-01-19,0.674418604651
2009-01-18,0.441860465116
2009-01-31,0.627906976744
2009-01-30,0.604651162791
2009-06-30,0.604651162791
2009-06-04,0.418604651163
2009-06-02,0.651162790698
2009-06-25,0.46511627907
2009-06-26,0.604651162791
2009-06-27,0.790697674419
2009-06-06,0.302325581395
2009-06-21,0.302325581395
2009-06-22,1.0
2009-06-05,0.53488372093
2009-06-08,0.53488372093
2009-06-09,0.581395348837
2009-06-28,0.441860465116
2009-06-29,0.558139534884
2009-06-24,0.488372093023
2009-06-03,0.697674418605
2009-06-01,0.46511627907
2009-06-20,0.372093023256
2009-06-07,0.744186046512
2009-06-11,0.325581395349
2009-06-10,0.441860465116
2009-06-13,0.418604651163
2009-06-12,0.441860465116
2009-06-15,0.372093023256
2009-06-14,0.53488372093
2009-06-17,0.627906976744
2009-06-16,0.767441860465
2009-06-19,0.558139534884
2009-06-18,0.767441860465
2009-06-23,0.837209302326
2009-07-30,0.511627906977
2009-07-04,0.255813953488
2009-07-02,0.418604651163
2009-07-25,0.372093023256
2009-07-26,0.348837209302
2009-07-27,0.651162790698
2009-07-06,0.651162790698
2009-07-07,0.53488372093
2009-07-22,0.883720930233
2009-07-23,0.372093023256
2009-07-08,0.813953488372
2009-07-09,0.53488372093
2009-07-28,0.767441860465
2009-07-29,0.395348837209
2009-07-24,0.511627906977
2009-07-03,0.418604651163
2009-07-01,0.674418604651
2009-07-20,0.488372093023
2009-07-21,0.558139534884
2009-07-11,0.46511627907
2009-07-10,0.53488372093
2009-07-13,0.604651162791
2009-07-12,0.488372093023
2009-07-15,0.46511627907
2009-07-14,0.744186046512
2009-07-17,0.651162790698
2009-07-16,0.627906976744
2009-07-19,0.441860465116
2009-07-18,0.697674418605
2009-07-31,0.395348837209
2009-07-05,0.325581395349
2009-04-04,0.46511627907
2009-04-02,0.767441860465
2009-04-03,0.46511627907
2009-04-26,0.53488372093
2009-04-27,0.976744186047
2009-04-20,0.46511627907
2009-04-21,0.488372093023
2009-04-22,0.488372093023
2009-04-05,0.674418604651
2009-04-23,0.255813953488
2009-04-08,0.418604651163
2009-04-09,0.372093023256
2009-04-28,0.441860465116
2009-04-29,0.441860465116
2009-04-24,0.627906976744
2009-04-25,0.325581395349
2009-04-01,0.488372093023
2009-04-06,0.418604651163
2009-04-07,0.837209302326
2009-04-11,0.744186046512
2009-04-10,0.651162790698
2009-04-13,0.441860465116
2009-04-12,0.348837209302
2009-04-15,0.651162790698
2009-04-14,0.488372093023
2009-04-17,0.441860465116
2009-04-16,0.837209302326
2009-04-19,0.674418604651
2009-04-18,0.46511627907
2009-04-30,0.53488372093
2009-05-30,0.209302325581
2009-05-22,0.255813953488
2009-05-24,0.674418604651
2009-05-03,0.906976744186
2009-05-26,0.511627906977
2009-05-01,0.441860465116
2009-05-06,0.790697674419
2009-05-21,0.46511627907
2009-05-04,0.906976744186
2009-05-23,0.372093023256
2009-05-08,0.395348837209
2009-05-09,0.651162790698
2009-05-28,0.441860465116
2009-05-29,0.488372093023
2009-05-02,0.53488372093
2009-05-25,0.511627906977
2009-05-27,0.488372093023
2009-05-20,0.46511627907
2009-05-07,0.581395348837
2009-05-11,0.511627906977
2009-05-10,0.348837209302
2009-05-13,0.441860465116
2009-05-12,0.720930232558
2009-05-15,0.46511627907
2009-05-14,0.255813953488
2009-05-17,0.279069767442
2009-05-16,0.325581395349
2009-05-19,0.511627906977
2009-05-18,0.651162790698
2009-05-31,0.418604651163
2009-05-05,0.53488372093
2009-03-04,0.418604651163
2009-03-24,0.581395348837
2009-03-03,0.744186046512
2009-03-26,0.581395348837
2009-03-01,0.581395348837
2009-03-20,0.395348837209
2009-03-07,0.53488372093
2009-03-22,0.883720930233
2009-03-23,0.558139534884
2009-03-08,0.441860465116
2009-03-09,0.720930232558
2009-03-28,0.372093023256
2009-03-29,0.651162790698
2009-03-05,0.418604651163
2009-03-02,0.441860465116
2009-03-25,0.511627906977
2009-03-27,0.279069767442
2009-03-06,0.581395348837
2009-03-21,0.511627906977
2009-03-11,0.488372093023
2009-03-10,0.953488372093
2009-03-13,0.46511627907
2009-03-12,0.813953488372
2009-03-15,0.46511627907
2009-03-14,0.372093023256
2009-03-17,0.279069767442
2009-03-16,0.46511627907
2009-03-19,0.46511627907
2009-03-18,0.627906976744
2009-03-31,0.837209302326
2009-03-30,0.651162790698
2009-08-04,0.790697674419
2009-08-24,0.697674418605
2009-08-25,0.720930232558
2009-08-26,0.418604651163
2009-08-27,0.651162790698
2009-08-06,0.744186046512
2009-08-07,0.395348837209
2009-08-22,0.558139534884
2009-08-05,0.627906976744
2009-08-23,0.953488372093
2009-08-08,0.46511627907
2009-08-09,0.53488372093
2009-08-28,0.53488372093
2009-08-29,0.372093023256
2009-08-02,0.348837209302
2009-08-03,0.674418604651
2009-08-01,0.325581395349
2009-08-20,0.674418604651
2009-08-21,0.581395348837
2009-08-11,0.744186046512
2009-08-10,0.720930232558
2009-08-13,0.46511627907
2009-08-12,0.488372093023
2009-08-15,0.279069767442
2009-08-14,0.651162790698
2009-08-17,0.744186046512
2009-08-16,0.348837209302
2009-08-19,0.53488372093
2009-08-18,0.511627906977
2009-08-31,0.627906976744
2009-08-30,0.558139534884
2009-09-07,0.46511627907
2009-09-24,0.395348837209
2009-09-25,0.348837209302
2009-09-26,0.488372093023
2009-09-27,0.813953488372
2009-09-20,0.395348837209
2009-09-21,0.511627906977
2009-09-04,0.372093023256
2009-09-23,0.511627906977
2009-09-08,0.441860465116
2009-09-09,0.813953488372
2009-09-28,0.883720930233
2009-09-29,0.697674418605
2009-09-05,0.441860465116
2009-09-02,0.441860465116
2009-09-03,0.604651162791
2009-09-01,0.46511627907
2009-09-06,0.53488372093
2009-09-14,0.511627906977
2009-09-11,0.813953488372
2009-09-10,0.395348837209
2009-09-13,0.395348837209
2009-09-12,0.627906976744
2009-09-15,0.906976744186
2009-09-22,0.813953488372
2009-09-17,0.558139534884
2009-09-16,0.581395348837
2009-09-19,0.441860465116
2009-09-18,0.441860465116
2009-09-30,0.651162790698
2009-12-04,0.46511627907
2009-12-02,0.418604651163
2009-12-03,0.46511627907
2009-12-26,0.302325581395
2009-12-01,0.372093023256
2009-12-06,0.627906976744
2009-12-21,0.511627906977
2009-12-22,0.651162790698
2009-12-05,0.372093023256
2009-12-23,0.744186046512
2009-12-08,0.767441860465
2009-12-09,0.813953488372
2009-12-28,0.651162790698
2009-12-29,0.813953488372
2009-12-24,0.255813953488
2009-12-25,0.139534883721
2009-12-27,0.558139534884
2009-12-20,0.488372093023
2009-12-07,0.46511627907
2009-12-11,0.372093023256
2009-12-10,0.558139534884
2009-12-13,0.511627906977
2009-12-12,0.418604651163
2009-12-15,0.46511627907
2009-12-14,0.558139534884
2009-12-17,0.581395348837
2009-12-16,0.813953488372
2009-12-19,0.511627906977
2009-12-18,0.558139534884
2009-12-31,0.255813953488
2009-12-30,0.46511627907
2009-10-30,0.511627906977
2009-10-02,0.325581395349
2009-10-25,0.46511627907
2009-10-26,0.511627906977
2009-10-27,0.558139534884
2009-10-06,0.976744186047
2009-10-21,0.395348837209
2009-10-04,0.511627906977
2009-10-05,0.813953488372
2009-10-08,0.697674418605
2009-10-09,0.488372093023
2009-10-28,0.488372093023
2009-10-29,0.604651162791
2009-10-14,0.813953488372
2009-10-24,0.209302325581
2009-10-03,0.372093023256
2009-10-01,0.53488372093
2009-10-20,0.418604651163
2009-10-07,0.558139534884
2009-10-11,0.720930232558
2009-10-10,0.581395348837
2009-10-13,0.790697674419
2009-10-12,0.813953488372
2009-10-15,0.348837209302
2009-10-22,0.697674418605
2009-10-17,0.767441860465
2009-10-16,0.720930232558
2009-10-19,0.488372093023
2009-10-18,0.744186046512
2009-10-31,0.372093023256
2009-10-23,0.441860465116
2011-02-04,0.413461538462
2011-02-02,0.615384615385
2011-02-25,0.432692307692
2011-02-26,0.5
2011-02-27,0.605769230769
2011-02-06,0.471153846154
2011-02-07,0.451923076923
2011-02-22,0.673076923077
2011-02-05,0.509615384615
2011-02-08,0.413461538462
2011-02-09,0.432692307692
2011-02-28,0.548076923077
2011-02-24,0.375
2011-02-03,0.307692307692
2011-02-01,0.394230769231
2011-02-20,0.653846153846
2011-02-21,0.451923076923
2011-02-11,0.403846153846
2011-02-10,0.346153846154
2011-02-13,0.384615384615
2011-02-12,0.355769230769
2011-02-15,0.432692307692
2011-02-14,0.480769230769
2011-02-17,0.644230769231
2011-02-16,0.5
2011-02-19,0.384615384615
2011-02-18,0.355769230769
2011-02-23,0.673076923077
2011-03-30,0.663461538462
2011-03-22,0.625
2011-03-02,0.509615384615
2011-03-03,0.5
2011-03-26,0.576923076923
2011-03-27,0.625
2011-03-06,0.557692307692
2011-03-07,0.586538461538
2011-03-04,0.5
2011-03-05,0.557692307692
2011-03-08,0.615384615385
2011-03-09,0.461538461538
2011-03-28,0.519230769231
2011-03-29,0.519230769231
2011-03-24,0.471153846154
2011-03-25,0.442307692308
2011-03-01,0.509615384615
2011-03-20,0.519230769231
2011-03-21,0.451923076923
2011-03-11,0.403846153846
2011-03-10,0.375
2011-03-13,0.528846153846
2011-03-12,0.336538461538
2011-03-15,0.490384615385
2011-03-14,0.730769230769
2011-03-17,0.432692307692
2011-03-16,0.596153846154
2011-03-19,0.528846153846
2011-03-18,0.548076923077
2011-03-31,0.5
2011-03-23,0.423076923077
2011-01-30,0.576923076923
2011-01-04,0.5
2011-01-02,0.336538461538
2011-01-25,0.423076923077
2011-01-26,0.519230769231
2011-01-27,0.403846153846
2011-01-20,0.336538461538
2011-01-07,0.471153846154
2011-01-22,0.528846153846
2011-01-23,0.576923076923
2011-01-08,0.538461538462
2011-01-09,0.605769230769
2011-01-28,0.557692307692
2011-01-29,0.451923076923
2011-01-24,0.432692307692
2011-01-03,0.615384615385
2011-01-01,0.538461538462
2011-01-06,0.644230769231
2011-01-21,0.451923076923
2011-01-11,0.288461538462
2011-01-10,0.413461538462
2011-01-13,0.394230769231
2011-01-12,0.403846153846
2011-01-15,0.288461538462
2011-01-14,0.384615384615
2011-01-17,0.461538461538
2011-01-16,0.509615384615
2011-01-19,0.528846153846
2011-01-18,0.576923076923
2011-01-31,0.625
2011-01-05,0.461538461538
2011-06-02,0.644230769231
2011-06-25,0.5
2011-06-26,0.355769230769
2011-06-27,0.442307692308
2011-06-20,0.586538461538
2011-06-21,0.413461538462
2011-06-22,0.663461538462
2011-06-23,0.471153846154
2011-06-08,0.634615384615
2011-06-09,0.442307692308
2011-06-28,0.5
2011-06-29,0.519230769231
2011-06-14,0.307692307692
2011-06-05,0.509615384615
2011-06-24,0.423076923077
2011-06-03,0.326923076923
2011-06-01,0.480769230769
2011-06-06,0.740384615385
2011-06-07,0.567307692308
2011-06-11,0.471153846154
2011-06-10,0.548076923077
2011-06-13,0.394230769231
2011-06-12,0.490384615385
2011-06-15,0.471153846154
2011-06-04,0.519230769231
2011-06-17,0.509615384615
2011-06-16,0.490384615385
2011-06-19,0.605769230769
2011-06-18,0.394230769231
2011-06-30,0.365384615385
2011-07-07,0.605769230769
2011-07-24,0.480769230769
2011-07-03,0.307692307692
2011-07-26,0.403846153846
2011-07-27,0.451923076923
2011-07-06,0.605769230769
2011-07-21,0.548076923077
2011-07-04,0.365384615385
2011-07-05,0.336538461538
2011-07-23,0.548076923077
2011-07-08,0.5
2011-07-09,0.451923076923
2011-07-28,0.480769230769
2011-07-29,0.471153846154
2011-07-02,0.240384615385
2011-07-25,0.5
2011-07-01,0.442307692308
2011-07-20,0.605769230769
2011-07-14,0.730769230769
2011-07-11,0.548076923077
2011-07-10,0.519230769231
2011-07-13,0.663461538462
2011-07-12,0.442307692308
2011-07-15,0.451923076923
2011-07-22,0.403846153846
2011-07-17,0.365384615385
2011-07-16,0.403846153846
2011-07-19,0.480769230769
2011-07-18,0.576923076923
2011-07-31,0.5
2011-07-30,0.509615384615
2011-04-02,0.548076923077
2011-04-03,0.509615384615
2011-04-26,0.432692307692
2011-04-01,0.413461538462
2011-04-06,0.548076923077
2011-04-21,0.548076923077
2011-04-04,0.461538461538
2011-04-23,0.336538461538
2011-04-08,0.548076923077
2011-04-09,0.538461538462
2011-04-28,0.5
2011-04-29,0.461538461538
2011-04-14,0.413461538462
2011-04-05,0.538461538462
2011-04-24,0.278846153846
2011-04-25,0.423076923077
2011-04-27,0.490384615385
2011-04-20,0.576923076923
2011-04-07,0.355769230769
2011-04-11,0.528846153846
2011-04-10,0.403846153846
2011-04-13,0.375
2011-04-12,0.471153846154
2011-04-15,0.471153846154
2011-04-22,0.307692307692
2011-04-17,0.605769230769
2011-04-16,0.509615384615
2011-04-19,0.480769230769
2011-04-18,0.615384615385
2011-04-30,0.384615384615
2011-05-30,0.326923076923
2011-05-04,0.451923076923
2011-05-02,0.548076923077
2011-05-25,0.423076923077
2011-05-26,0.355769230769
2011-05-01,0.509615384615
2011-05-06,0.432692307692
2011-05-07,0.711538461538
2011-05-22,0.490384615385
2011-05-23,0.625
2011-05-08,0.336538461538
2011-05-09,0.461538461538
2011-05-28,0.394230769231
2011-05-29,0.384615384615
2011-05-24,0.538461538462
2011-05-03,0.480769230769
2011-05-27,0.259615384615
2011-05-20,0.375
2011-05-21,0.365384615385
2011-05-11,0.557692307692
2011-05-10,0.644230769231
2011-05-13,0.403846153846
2011-05-12,0.519230769231
2011-05-15,0.596153846154
2011-05-14,0.336538461538
2011-05-17,0.528846153846
2011-05-16,0.384615384615
2011-05-19,0.519230769231
2011-05-18,0.490384615385
2011-05-31,0.490384615385
2011-05-05,0.403846153846
2011-08-30,0.461538461538
2011-08-02,0.519230769231
2011-08-25,0.461538461538
2011-08-26,0.288461538462
2011-08-27,0.548076923077
2011-08-06,0.375
2011-08-21,0.548076923077
2011-08-22,0.548076923077
2011-08-23,0.384615384615
2011-08-08,0.538461538462
2011-08-09,0.413461538462
2011-08-28,0.442307692308
2011-08-29,0.625
2011-08-14,0.567307692308
2011-08-24,0.480769230769
2011-08-03,0.634615384615
2011-08-01,0.490384615385
2011-08-20,0.490384615385
2011-08-07,0.807692307692
2011-08-11,0.682692307692
2011-08-10,0.586538461538
2011-08-13,0.528846153846
2011-08-12,0.384615384615
2011-08-15,0.528846153846
2011-08-04,0.432692307692
2011-08-17,0.548076923077
2011-08-16,0.519230769231
2011-08-19,0.403846153846
2011-08-18,0.634615384615
2011-08-31,0.644230769231
2011-08-05,0.548076923077
2011-09-30,0.423076923077
2011-09-04,0.461538461538
2011-09-24,0.528846153846
2011-09-25,0.480769230769
2011-09-26,0.375
2011-09-27,0.394230769231
2011-09-06,0.519230769231
2011-09-07,0.480769230769
2011-09-22,0.480769230769
2011-09-23,0.490384615385
2011-09-08,0.346153846154
2011-09-09,0.355769230769
2011-09-28,0.471153846154
2011-09-29,0.413461538462
2011-09-02,0.240384615385
2011-09-03,0.317307692308
2011-09-01,0.384615384615
2011-09-20,0.346153846154
2011-09-21,0.471153846154
2011-09-11,0.461538461538
2011-09-10,0.480769230769
2011-09-13,0.471153846154
2011-09-12,0.451923076923
2011-09-15,0.461538461538
2011-09-14,0.615384615385
2011-09-17,0.557692307692
2011-09-16,0.394230769231
2011-09-19,0.567307692308
2011-09-18,0.432692307692
2011-09-05,0.615384615385
2011-12-24,0.230769230769
2011-12-03,0.480769230769
2011-12-26,0.365384615385
2011-12-27,0.711538461538
2011-12-20,0.403846153846
2011-12-07,0.480769230769
2011-12-22,0.317307692308
2011-12-23,0.403846153846
2011-12-08,0.528846153846
2011-12-09,0.317307692308
2011-12-28,0.413461538462
2011-12-29,0.5
2011-12-14,0.384615384615
2011-12-05,0.442307692308
2011-12-02,0.375
2011-12-25,0.144230769231
2011-12-01,0.384615384615
2011-12-06,0.403846153846
2011-12-21,0.384615384615
2011-12-11,0.403846153846
2011-12-10,0.480769230769
2011-12-13,0.461538461538
2011-12-12,0.519230769231
2011-12-15,0.346153846154
2011-12-04,0.355769230769
2011-12-17,0.269230769231
2011-12-16,0.269230769231
2011-12-19,0.375
2011-12-18,0.355769230769
2011-12-31,0.442307692308
2011-12-30,0.663461538462
2011-11-07,0.326923076923
2011-11-30,0.355769230769
2011-11-24,0.144230769231
2011-11-25,0.307692307692
2011-11-26,0.355769230769
2011-11-27,0.375
2011-11-06,0.355769230769
2011-11-21,0.519230769231
2011-11-22,0.423076923077
2011-11-05,0.519230769231
2011-11-08,0.451923076923
2011-11-09,0.375
2011-11-28,0.442307692308
2011-11-29,1.0
2011-11-02,0.346153846154
2011-11-03,0.442307692308
2011-11-01,0.288461538462
2011-11-20,0.490384615385
2011-11-14,0.423076923077
2011-11-11,0.365384615385
2011-11-10,0.230769230769
2011-11-13,0.346153846154
2011-11-12,0.596153846154
2011-11-15,0.548076923077
2011-11-04,0.355769230769
2011-11-17,0.403846153846
2011-11-16,0.519230769231
2011-11-19,0.365384615385
2011-11-18,0.375
2011-11-23,0.355769230769
2011-10-07,0.403846153846
2011-10-02,0.5
2011-10-03,0.509615384615
2011-10-26,0.596153846154
2011-10-27,0.442307692308
2011-10-06,0.288461538462
2011-10-21,0.413461538462
2011-10-22,0.346153846154
2011-10-23,0.451923076923
2011-10-08,0.451923076923
2011-10-09,0.596153846154
2011-10-28,0.394230769231
2011-10-29,0.259615384615
2011-10-05,0.548076923077
2011-10-24,0.432692307692
2011-10-25,0.423076923077
2011-10-01,0.451923076923
2011-10-20,0.355769230769
2011-10-14,0.5
2011-10-11,0.538461538462
2011-10-10,0.432692307692
2011-10-13,0.384615384615
2011-10-12,0.451923076923
2011-10-15,0.346153846154
2011-10-04,0.326923076923
2011-10-17,0.490384615385
2011-10-16,0.365384615385
2011-10-19,0.432692307692
2011-10-18,0.567307692308
2011-10-31,0.278846153846
2011-10-30,0.288461538462
2010-11-07,0.533333333333
2010-11-02,0.386666666667
2010-11-03,0.706666666667
2010-11-26,0.426666666667
2010-11-27,0.346666666667
2010-11-06,0.453333333333
2010-11-21,0.48
2010-11-04,0.586666666667
2010-11-05,0.733333333333
2010-11-23,0.386666666667
2010-11-08,0.52
2010-11-09,0.44
2010-11-28,0.493333333333
2010-11-29,0.613333333333
2010-11-24,0.44
2010-11-25,0.106666666667
2010-11-01,0.573333333333
2010-11-20,0.413333333333
2010-11-14,0.653333333333
2010-11-11,0.426666666667
2010-11-10,0.586666666667
2010-11-13,0.506666666667
2010-11-12,0.36
2010-11-15,0.506666666667
2010-11-22,0.573333333333
2010-11-17,0.373333333333
2010-11-16,0.64
2010-11-19,0.48
2010-11-18,0.36
2010-11-30,0.48
2010-03-24,0.6
2010-03-03,0.466666666667
2010-03-26,0.44
2010-03-27,0.373333333333
2010-03-20,0.333333333333
2010-03-07,0.786666666667
2010-03-22,0.64
2010-03-05,0.533333333333
2010-03-23,0.666666666667
2010-03-08,0.84
2010-03-09,0.4
2010-03-28,0.506666666667
2010-03-29,0.586666666667
2010-03-02,0.466666666667
2010-03-25,0.36
2010-03-01,0.32
2010-03-06,0.493333333333
2010-03-14,0.493333333333
2010-03-11,0.56
2010-03-10,0.533333333333
2010-03-13,0.36
2010-03-12,0.426666666667
2010-03-15,0.56
2010-03-04,0.56
2010-03-17,0.546666666667
2010-03-16,0.546666666667
2010-03-19,0.493333333333
2010-03-18,0.453333333333
2010-03-31,0.493333333333
2010-03-30,0.346666666667
2010-03-21,0.84
2010-12-02,0.32
2010-12-03,0.48
2010-12-26,1.0
2010-12-01,0.773333333333
2010-12-06,0.56
2010-12-07,0.413333333333
2010-12-04,0.44
2010-12-05,0.52
2010-12-23,0.386666666667
2010-12-08,0.506666666667
2010-12-09,0.373333333333
2010-12-28,0.666666666667
2010-12-29,0.626666666667
2010-12-14,0.453333333333
2010-12-24,0.413333333333
2010-12-25,0.106666666667
2010-12-27,0.626666666667
2010-12-20,0.6
2010-12-21,0.4
2010-12-11,0.333333333333
2010-12-10,0.333333333333
2010-12-13,0.373333333333
2010-12-12,0.493333333333
2010-12-15,0.586666666667
2010-12-22,0.28
2010-12-17,0.32
2010-12-16,0.52
2010-12-19,0.613333333333
2010-12-18,0.186666666667
2010-12-31,0.386666666667
2010-12-30,0.666666666667
2010-06-04,0.293333333333
2010-06-24,0.466666666667
2010-06-03,0.386666666667
2010-06-26,0.373333333333
2010-06-01,0.506666666667
2010-06-06,0.413333333333
2010-06-21,0.32
2010-06-22,0.426666666667
2010-06-23,0.426666666667
2010-06-08,0.386666666667
2010-06-09,0.426666666667
2010-06-28,0.533333333333
2010-06-29,0.413333333333
2010-06-05,0.346666666667
2010-06-02,0.6
2010-06-25,0.533333333333
2010-06-27,0.28
2010-06-20,0.306666666667
2010-06-07,0.346666666667
2010-06-11,0.333333333333
2010-06-10,0.44
2010-06-13,0.44
2010-06-12,0.413333333333
2010-06-15,0.24
2010-06-14,0.266666666667
2010-06-17,0.373333333333
2010-06-16,0.36
2010-06-19,0.466666666667
2010-06-18,0.266666666667
2010-06-30,0.533333333333
2010-07-22,0.346666666667
2010-07-24,0.48
2010-07-25,0.413333333333
2010-07-26,0.6
2010-07-27,0.613333333333
2010-07-06,0.56
2010-07-21,0.613333333333
2010-07-04,0.226666666667
2010-07-23,0.44
2010-07-08,0.426666666667
2010-07-09,0.64
2010-07-28,0.533333333333
2010-07-29,0.426666666667
2010-07-05,0.533333333333
2010-07-02,0.253333333333
2010-07-03,0.413333333333
2010-07-01,0.373333333333
2010-07-20,0.546666666667
2010-07-07,0.693333333333
2010-07-11,0.413333333333
2010-07-10,0.506666666667
2010-07-13,0.373333333333
2010-07-12,0.426666666667
2010-07-15,0.4
2010-07-14,0.72
2010-07-17,0.186666666667
2010-07-16,0.32
2010-07-19,0.453333333333
2010-07-18,0.48
2010-07-31,0.386666666667
2010-07-30,0.706666666667
2010-04-30,0.346666666667
2010-04-02,0.333333333333
2010-04-25,0.506666666667
2010-04-26,0.466666666667
2010-04-27,0.333333333333
2010-04-06,0.56
2010-04-07,0.546666666667
2010-04-04,0.306666666667
2010-04-05,0.36
2010-04-08,0.493333333333
2010-04-09,0.386666666667
2010-04-28,0.4
2010-04-29,0.306666666667
2010-04-14,0.52
2010-04-24,0.36
2010-04-03,0.266666666667
2010-04-01,0.546666666667
2010-04-20,0.546666666667
2010-04-21,0.773333333333
2010-04-11,0.44
2010-04-10,0.586666666667
2010-04-13,0.386666666667
2010-04-12,0.4
2010-04-15,0.173333333333
2010-04-22,0.413333333333
2010-04-17,0.386666666667
2010-04-16,0.333333333333
2010-04-19,0.626666666667
2010-04-18,0.426666666667
2010-04-23,0.36
2010-05-22,0.24
2010-05-24,0.28
2010-05-03,0.4
2010-05-26,0.426666666667
2010-05-27,0.373333333333
2010-05-06,0.546666666667
2010-05-07,0.333333333333
2010-05-04,0.506666666667
2010-05-23,0.36
2010-05-08,0.426666666667
2010-05-09,0.32
2010-05-28,0.293333333333
2010-05-29,0.32
2010-05-05,0.533333333333
2010-05-02,0.626666666667
2010-05-25,0.28
2010-05-01,0.333333333333
2010-05-20,0.28
2010-05-21,0.32
2010-05-11,0.373333333333
2010-05-10,0.6
2010-05-13,0.32
2010-05-12,0.386666666667
2010-05-15,0.36
2010-05-14,0.386666666667
2010-05-17,0.426666666667
2010-05-16,0.4
2010-05-19,0.506666666667
2010-05-18,0.333333333333
2010-05-31,0.2
2010-05-30,0.28
2010-08-02,0.76
2010-08-03,0.386666666667
2010-08-26,0.613333333333
2010-08-01,0.413333333333
2010-08-06,0.693333333333
2010-08-21,0.293333333333
2010-08-04,0.56
2010-08-05,0.48
2010-08-23,0.626666666667
2010-08-08,0.453333333333
2010-08-09,0.653333333333
2010-08-28,0.533333333333
2010-08-29,0.546666666667
2010-08-14,0.533333333333
2010-08-24,0.72
2010-08-25,0.64
2010-08-27,0.586666666667
2010-08-20,0.56
2010-08-07,0.48
2010-08-11,0.6
2010-08-10,0.746666666667
2010-08-13,0.506666666667
2010-08-12,0.453333333333
2010-08-15,0.706666666667
2010-08-22,0.733333333333
2010-08-17,0.453333333333
2010-08-16,0.72
2010-08-19,0.56
2010-08-18,0.493333333333
2010-08-31,0.373333333333
2010-08-30,0.386666666667
2010-02-04,0.4
2010-02-24,0.493333333333
2010-02-03,0.44
2010-02-26,0.413333333333
2010-02-01,0.386666666667
2010-02-06,0.36
2010-02-07,0.32
2010-02-22,0.64
2010-02-05,0.32
2010-02-08,0.466666666667
2010-02-09,0.4
2010-02-28,0.706666666667
2010-02-02,0.36
2010-02-25,0.28
2010-02-27,0.32
2010-02-20,0.36
2010-02-21,0.48
2010-02-11,0.373333333333
2010-02-10,0.666666666667
2010-02-13,0.48
2010-02-12,0.36
2010-02-15,0.573333333333
2010-02-14,0.373333333333
2010-02-17,0.88
2010-02-16,0.506666666667
2010-02-19,0.573333333333
2010-02-18,0.293333333333
2010-02-23,0.56
2010-01-22,0.493333333333
2010-01-24,0.36
2010-01-03,0.24
2010-01-26,0.506666666667
2010-01-27,0.506666666667
2010-01-20,0.613333333333
2010-01-07,0.413333333333
2010-01-04,0.426666666667
2010-01-05,0.52
2010-01-23,0.44
2010-01-08,0.36
2010-01-09,0.56
2010-01-28,0.613333333333
2010-01-29,0.413333333333
2010-01-02,0.573333333333
2010-01-25,0.293333333333
2010-01-01,0.24
2010-01-06,0.466666666667
2010-01-21,0.36
2010-01-11,0.506666666667
2010-01-10,0.52
2010-01-13,0.32
2010-01-12,0.413333333333
2010-01-15,0.346666666667
2010-01-14,0.4
2010-01-17,0.4
2010-01-16,0.333333333333
2010-01-19,0.52
2010-01-18,0.413333333333
2010-01-31,0.453333333333
2010-01-30,0.626666666667
2010-09-22,0.453333333333
2010-09-24,0.666666666667
2010-09-25,0.386666666667
2010-09-26,0.573333333333
2010-09-27,0.6
2010-09-06,0.32
2010-09-07,0.546666666667
2010-09-04,0.546666666667
2010-09-23,0.493333333333
2010-09-08,0.72
2010-09-09,0.653333333333
2010-09-28,0.426666666667
2010-09-29,0.506666666667
2010-09-05,0.493333333333
2010-09-02,0.386666666667
2010-09-03,0.28
2010-09-01,0.586666666667
2010-09-20,0.48
2010-09-21,0.52
2010-09-11,0.506666666667
2010-09-10,0.506666666667
2010-09-13,0.453333333333
2010-09-12,0.52
2010-09-15,0.506666666667
2010-09-14,0.413333333333
2010-09-17,0.4
2010-09-16,0.52
2010-09-19,0.52
2010-09-18,0.413333333333
2010-09-30,0.506666666667
2010-10-04,0.613333333333
2010-10-02,0.546666666667
2010-10-25,0.573333333333
2010-10-26,0.493333333333
2010-10-01,0.346666666667
2010-10-20,0.626666666667
2010-10-07,0.373333333333
2010-10-22,0.52
2010-10-05,0.306666666667
2010-10-23,0.373333333333
2010-10-08,0.373333333333
2010-10-09,0.373333333333
2010-10-28,0.346666666667
2010-10-29,0.386666666667
2010-10-24,0.293333333333
2010-10-03,0.36
2010-10-27,0.533333333333
2010-10-06,0.64
2010-10-21,0.546666666667
2010-10-11,0.693333333333
2010-10-10,0.506666666667
2010-10-13,0.56
2010-10-12,0.36
2010-10-15,0.4
2010-10-14,0.626666666667
2010-10-17,0.533333333333
2010-10-16,0.346666666667
2010-10-19,0.44
2010-10-18,0.426666666667
2010-10-31,0.493333333333
2010-10-30,0.493333333333
2013-02-02,0.512605042017
2013-02-03,0.487394957983
2013-02-26,0.504201680672
2013-02-01,0.571428571429
2013-02-06,0.436974789916
2013-02-07,0.436974789916
2013-02-04,0.36974789916
2013-02-23,0.46218487395
2013-02-08,0.436974789916
2013-02-09,0.53781512605
2013-02-28,0.504201680672
2013-02-24,0.680672268908
2013-02-25,0.789915966387
2013-02-27,0.672268907563
2013-02-20,0.72268907563
2013-02-14,0.529411764706
2013-02-11,0.453781512605
2013-02-10,0.46218487395
2013-02-13,0.53781512605
2013-02-12,0.487394957983
2013-02-15,0.554621848739
2013-02-22,0.420168067227
2013-02-17,0.672268907563
2013-02-16,0.495798319328
2013-02-19,0.512605042017
2013-02-18,0.613445378151
2013-02-05,0.470588235294
2013-02-21,0.546218487395
2013-10-30,0.546218487395
2013-10-04,0.605042016807
2013-10-02,0.672268907563
2013-10-03,0.554621848739
2013-10-26,0.63025210084
2013-10-27,0.739495798319
2013-10-06,0.579831932773
2013-10-07,0.613445378151
2013-10-22,0.621848739496
2013-10-23,0.789915966387
2013-10-08,0.588235294118
2013-10-09,0.521008403361
2013-10-28,0.689075630252
2013-10-29,0.714285714286
2013-10-24,0.621848739496
2013-10-25,0.647058823529
2013-10-01,0.478991596639
2013-10-20,0.806722689076
2013-10-21,0.789915966387
2013-10-11,0.605042016807
2013-10-10,0.647058823529
2013-10-13,0.680672268908
2013-10-12,0.647058823529
2013-10-15,0.714285714286
2013-10-14,0.689075630252
2013-10-17,0.571428571429
2013-10-16,0.579831932773
2013-10-19,0.697478991597
2013-10-18,0.487394957983
2013-10-31,0.411764705882
2013-10-05,0.46218487395
2013-01-22,0.411764705882
2013-01-24,0.579831932773
2013-01-03,1.0
2013-01-26,0.63025210084
2013-01-01,0.361344537815
2013-01-20,0.529411764706
2013-01-21,0.680672268908
2013-01-04,0.571428571429
2013-01-23,0.705882352941
2013-01-08,0.705882352941
2013-01-09,0.588235294118
2013-01-28,0.554621848739
2013-01-29,0.579831932773
2013-01-05,0.521008403361
2013-01-02,0.831932773109
2013-01-25,0.445378151261
2013-01-27,0.647058823529
2013-01-06,0.588235294118
2013-01-07,0.436974789916
2013-01-11,0.302521008403
2013-01-10,0.411764705882
2013-01-13,0.470588235294
2013-01-12,0.596638655462
2013-01-15,0.504201680672
2013-01-14,0.521008403361
2013-01-17,0.529411764706
2013-01-16,0.478991596639
2013-01-19,0.521008403361
2013-01-18,0.445378151261
2013-01-31,0.453781512605
2013-01-30,0.647058823529
2013-06-22,0.495798319328
2013-06-02,0.621848739496
2013-06-25,0.764705882353
2013-06-26,0.781512605042
2013-06-27,0.840336134454
2013-06-20,0.436974789916
2013-06-07,0.731092436975
2013-06-04,0.63025210084
2013-06-23,0.689075630252
2013-06-08,0.504201680672
2013-06-09,0.53781512605
2013-06-28,0.495798319328
2013-06-29,0.756302521008
2013-06-05,0.781512605042
2013-06-24,0.840336134454
2013-06-03,0.53781512605
2013-06-01,0.563025210084
2013-06-06,0.571428571429
2013-06-21,0.596638655462
2013-06-11,0.63025210084
2013-06-10,0.773109243697
2013-06-13,0.689075630252
2013-06-12,0.747899159664
2013-06-15,0.563025210084
2013-06-14,0.731092436975
2013-06-17,0.672268907563
2013-06-16,0.739495798319
2013-06-19,0.605042016807
2013-06-18,0.605042016807
2013-06-30,0.680672268908
2013-07-24,0.638655462185
2013-07-25,0.705882352941
2013-07-26,0.689075630252
2013-07-27,0.605042016807
2013-07-06,0.663865546218
2013-07-07,0.529411764706
2013-07-22,0.823529411765
2013-07-23,0.53781512605
2013-07-08,0.764705882353
2013-07-09,0.554621848739
2013-07-28,0.680672268908
2013-07-29,0.781512605042
2013-07-14,0.596638655462
2013-07-05,0.529411764706
2013-07-02,0.579831932773
2013-07-03,0.756302521008
2013-07-01,0.773109243697
2013-07-20,0.546218487395
2013-07-21,0.672268907563
2013-07-11,0.605042016807
2013-07-10,0.588235294118
2013-07-13,0.663865546218
2013-07-12,0.554621848739
2013-07-15,0.563025210084
2013-07-04,0.546218487395
2013-07-17,0.470588235294
2013-07-16,0.554621848739
2013-07-19,0.596638655462
2013-07-18,0.731092436975
2013-07-31,0.672268907563
2013-07-30,0.613445378151
2013-04-04,0.672268907563
2013-04-24,0.420168067227
2013-04-03,0.613445378151
2013-04-26,0.647058823529
2013-04-27,0.571428571429
2013-04-20,0.403361344538
2013-04-07,0.478991596639
2013-04-22,0.605042016807
2013-04-05,0.504201680672
2013-04-23,0.647058823529
2013-04-08,0.638655462185
2013-04-09,0.563025210084
2013-04-28,0.705882352941
2013-04-29,0.714285714286
2013-04-02,0.420168067227
2013-04-25,0.546218487395
2013-04-01,0.605042016807
2013-04-06,0.621848739496
2013-04-21,0.714285714286
2013-04-11,0.46218487395
2013-04-10,0.53781512605
2013-04-13,0.512605042017
2013-04-12,0.596638655462
2013-04-15,0.621848739496
2013-04-14,0.613445378151
2013-04-17,0.689075630252
2013-04-16,0.411764705882
2013-04-19,0.420168067227
2013-04-18,0.621848739496
2013-04-30,0.504201680672
2013-03-30,0.554621848739
2013-03-02,0.521008403361
2013-03-03,0.773109243697
2013-03-26,0.63025210084
2013-03-27,0.512605042017
2013-03-20,0.714285714286
2013-03-21,0.773109243697
2013-03-22,0.529411764706
2013-03-23,0.53781512605
2013-03-08,0.529411764706
2013-03-09,0.571428571429
2013-03-28,0.453781512605
2013-03-29,0.554621848739
2013-03-14,0.579831932773
2013-03-24,0.689075630252
2013-03-25,0.647058823529
2013-03-01,0.848739495798
2013-03-06,0.487394957983
2013-03-07,0.420168067227
2013-03-11,0.731092436975
2013-03-10,0.504201680672
2013-03-13,0.470588235294
2013-03-12,0.563025210084
2013-03-15,0.563025210084
2013-03-04,0.554621848739
2013-03-17,0.579831932773
2013-03-16,0.596638655462
2013-03-19,0.512605042017
2013-03-18,0.781512605042
2013-03-31,0.46218487395
2013-03-05,0.605042016807
2013-08-30,0.529411764706
2013-08-22,0.621848739496
2013-08-02,0.478991596639
2013-08-25,0.957983193277
2013-08-26,0.806722689076
2013-08-27,0.588235294118
2013-08-20,0.689075630252
2013-08-07,0.773109243697
2013-08-04,0.655462184874
2013-08-05,0.680672268908
2013-08-08,0.647058823529
2013-08-09,0.596638655462
2013-08-28,0.689075630252
2013-08-29,0.554621848739
2013-08-24,0.789915966387
2013-08-03,0.563025210084
2013-08-01,0.613445378151
2013-08-06,0.521008403361
2013-08-21,0.613445378151
2013-08-11,0.655462184874
2013-08-10,0.663865546218
2013-08-13,0.90756302521
2013-08-12,0.53781512605
2013-08-15,0.63025210084
2013-08-14,0.739495798319
2013-08-17,0.823529411765
2013-08-16,0.672268907563
2013-08-19,0.865546218487
2013-08-18,0.579831932773
2013-08-31,0.563025210084
2013-08-23,0.638655462185
2013-09-24,0.621848739496
2013-09-03,0.487394957983
2013-09-26,0.453781512605
2013-09-01,0.63025210084
2013-09-06,0.588235294118
2013-09-07,0.764705882353
2013-09-04,0.714285714286
2013-09-05,0.605042016807
2013-09-23,0.647058823529
2013-09-08,0.697478991597
2013-09-09,0.512605042017
2013-09-28,0.529411764706
2013-09-29,0.705882352941
2013-09-02,0.81512605042
2013-09-25,0.613445378151
2013-09-27,0.655462184874
2013-09-20,0.613445378151
2013-09-14,0.588235294118
2013-09-11,0.605042016807
2013-09-10,0.554621848739
2013-09-13,0.647058823529
2013-09-12,0.554621848739
2013-09-15,0.81512605042
2013-09-22,0.697478991597
2013-09-17,0.470588235294
2013-09-16,0.680672268908
2013-09-19,0.588235294118
2013-09-18,0.512605042017
2013-09-30,0.714285714286
2013-09-21,0.764705882353
2013-12-02,0.680672268908
2013-12-03,0.747899159664
2013-12-26,0.596638655462
2013-12-27,0.764705882353
2013-12-20,0.714285714286
2013-12-07,0.90756302521
2013-12-04,0.647058823529
2013-12-05,0.731092436975
2013-12-23,0.823529411765
2013-12-08,0.689075630252
2013-12-09,0.663865546218
2013-12-28,0.848739495798
2013-12-29,0.899159663866
2013-12-24,0.394957983193
2013-12-25,0.378151260504
2013-12-01,0.672268907563
2013-12-06,0.588235294118
2013-12-14,0.873949579832
2013-12-11,0.638655462185
2013-12-10,0.53781512605
2013-12-13,0.478991596639
2013-12-12,0.563025210084
2013-12-15,0.781512605042
2013-12-22,0.638655462185
2013-12-17,0.705882352941
2013-12-16,0.680672268908
2013-12-19,0.579831932773
2013-12-18,0.705882352941
2013-12-31,0.773109243697
2013-12-30,0.932773109244
2013-12-21,0.621848739496
2013-11-30,0.63025210084
2013-11-24,0.689075630252
2013-11-25,0.579831932773
2013-11-26,0.63025210084
2013-11-27,0.504201680672
2013-11-20,0.563025210084
2013-11-07,0.521008403361
2013-11-22,0.63025210084
2013-11-23,0.705882352941
2013-11-08,0.714285714286
2013-11-09,0.588235294118
2013-11-28,0.260504201681
2013-11-29,0.478991596639
2013-11-02,0.840336134454
2013-11-03,0.621848739496
2013-11-01,0.647058823529
2013-11-06,0.756302521008
2013-11-14,0.596638655462
2013-11-11,0.764705882353
2013-11-10,0.739495798319
2013-11-13,0.747899159664
2013-11-12,0.680672268908
2013-11-15,0.655462184874
2013-11-04,0.672268907563
2013-11-17,0.840336134454
2013-11-16,0.806722689076
2013-11-19,0.621848739496
2013-11-18,0.840336134454
2013-11-05,0.739495798319
2013-11-21,0.504201680672
2013-05-22,0.663865546218
2013-05-24,0.386554621849
2013-05-25,0.613445378151
2013-05-26,0.46218487395
2013-05-27,0.647058823529
2013-05-20,0.588235294118
2013-05-07,0.53781512605
2013-05-04,0.394957983193
2013-05-23,0.605042016807
2013-05-08,0.53781512605
2013-05-09,0.621848739496
2013-05-28,0.672268907563
2013-05-29,0.605042016807
2013-05-05,0.436974789916
2013-05-02,0.378151260504
2013-05-03,0.436974789916
2013-05-01,0.621848739496
2013-05-06,0.605042016807
2013-05-21,0.529411764706
2013-05-11,0.563025210084
2013-05-10,0.563025210084
2013-05-13,0.957983193277
2013-05-12,0.546218487395
2013-05-15,0.806722689076
2013-05-14,0.823529411765
2013-05-17,0.697478991597
2013-05-16,0.663865546218
2013-05-19,0.579831932773
2013-05-18,0.848739495798
2013-05-31,0.731092436975
2013-05-30,0.739495798319
2012-11-24,0.47619047619
2012-11-03,0.583333333333
2012-11-26,0.761904761905
2012-11-27,0.571428571429
2012-11-06,0.678571428571
2012-11-21,0.47619047619
2012-11-04,0.690476190476
2012-11-05,0.690476190476
2012-11-23,0.345238095238
2012-11-08,0.666666666667
2012-11-09,0.535714285714
2012-11-28,0.404761904762
2012-11-29,0.666666666667
2012-11-14,0.571428571429
2012-11-02,0.511904761905
2012-11-25,0.630952380952
2012-11-01,0.47619047619
2012-11-20,0.511904761905
2012-11-07,0.654761904762
2012-11-11,0.392857142857
2012-11-10,0.440476190476
2012-11-13,0.77380952381
2012-11-12,0.654761904762
2012-11-15,0.52380952381
2012-11-22,0.214285714286
2012-11-17,0.464285714286
2012-11-16,0.72619047619
2012-11-19,0.678571428571
2012-11-18,0.678571428571
2012-11-30,0.571428571429
2012-02-22,0.702380952381
2012-02-02,0.714285714286
2012-02-03,0.630952380952
2012-02-26,0.571428571429
2012-02-27,0.821428571429
2012-02-20,0.690476190476
2012-02-21,0.559523809524
2012-02-04,0.666666666667
2012-02-05,0.392857142857
2012-02-08,0.511904761905
2012-02-09,0.702380952381
2012-02-28,0.571428571429
2012-02-29,0.654761904762
2012-02-24,0.464285714286
2012-02-25,0.690476190476
2012-02-01,0.571428571429
2012-02-06,0.452380952381
2012-02-07,0.52380952381
2012-02-11,0.595238095238
2012-02-10,0.47619047619
2012-02-13,0.535714285714
2012-02-12,0.535714285714
2012-02-15,0.488095238095
2012-02-14,0.416666666667
2012-02-17,0.428571428571
2012-02-16,0.583333333333
2012-02-19,0.821428571429
2012-02-18,0.690476190476
2012-02-23,0.559523809524
2012-01-30,0.488095238095
2012-01-04,0.75
2012-01-24,0.821428571429
2012-01-03,0.833333333333
2012-01-26,0.440476190476
2012-01-01,0.535714285714
2012-01-20,0.75
2012-01-07,0.654761904762
2012-01-22,0.678571428571
2012-01-23,0.797619047619
2012-01-08,0.583333333333
2012-01-09,0.690476190476
2012-01-28,0.619047619048
2012-01-29,0.75
2012-01-02,0.72619047619
2012-01-25,0.666666666667
2012-01-27,0.52380952381
2012-01-06,0.630952380952
2012-01-21,0.75
2012-01-11,0.654761904762
2012-01-10,0.511904761905
2012-01-13,0.583333333333
2012-01-12,0.654761904762
2012-01-15,0.547619047619
2012-01-14,0.5
2012-01-17,0.642857142857
2012-01-16,0.785714285714
2012-01-19,0.702380952381
2012-01-18,0.607142857143
2012-01-31,0.690476190476
2012-01-05,0.761904761905
2012-06-07,0.72619047619
2012-06-24,0.928571428571
2012-06-25,0.904761904762
2012-06-26,0.535714285714
2012-06-01,0.607142857143
2012-06-20,0.666666666667
2012-06-21,0.52380952381
2012-06-22,0.666666666667
2012-06-23,0.642857142857
2012-06-08,0.654761904762
2012-06-09,0.595238095238
2012-06-28,0.583333333333
2012-06-29,0.821428571429
2012-06-05,0.619047619048
2012-06-02,0.761904761905
2012-06-03,0.559523809524
2012-06-27,0.702380952381
2012-06-06,0.738095238095
2012-06-14,0.488095238095
2012-06-11,0.845238095238
2012-06-10,0.666666666667
2012-06-13,0.535714285714
2012-06-12,0.535714285714
2012-06-15,0.690476190476
2012-06-04,0.678571428571
2012-06-17,0.845238095238
2012-06-16,0.547619047619
2012-06-19,0.619047619048
2012-06-18,0.904761904762
2012-06-30,0.595238095238
2012-07-02,0.833333333333
2012-07-25,0.583333333333
2012-07-26,0.511904761905
2012-07-01,0.761904761905
2012-07-06,0.630952380952
2012-07-07,0.880952380952
2012-07-22,0.714285714286
2012-07-05,0.77380952381
2012-07-23,0.607142857143
2012-07-08,0.821428571429
2012-07-09,0.666666666667
2012-07-28,0.52380952381
2012-07-29,0.607142857143
2012-07-14,0.5
2012-07-24,0.559523809524
2012-07-03,0.738095238095
2012-07-27,0.404761904762
2012-07-20,0.595238095238
2012-07-21,0.47619047619
2012-07-11,0.5
2012-07-10,0.77380952381
2012-07-13,0.464285714286
2012-07-12,0.559523809524
2012-07-15,0.690476190476
2012-07-04,0.702380952381
2012-07-17,0.607142857143
2012-07-16,0.821428571429
2012-07-19,0.654761904762
2012-07-18,0.547619047619
2012-07-31,0.571428571429
2012-07-30,0.72619047619
2012-04-30,0.702380952381
2012-04-22,0.619047619048
2012-04-02,0.571428571429
2012-04-25,0.75
2012-04-26,0.690476190476
2012-04-27,0.52380952381
2012-04-06,0.559523809524
2012-04-21,0.416666666667
2012-04-04,0.571428571429
2012-04-23,0.809523809524
2012-04-08,0.392857142857
2012-04-09,0.619047619048
2012-04-28,0.714285714286
2012-04-29,0.464285714286
2012-04-24,0.571428571429
2012-04-03,0.607142857143
2012-04-01,0.702380952381
2012-04-20,0.619047619048
2012-04-07,0.404761904762
2012-04-11,0.5
2012-04-10,0.678571428571
2012-04-13,0.77380952381
2012-04-12,0.583333333333
2012-04-15,0.452380952381
2012-04-14,0.583333333333
2012-04-17,0.559523809524
2012-04-16,0.654761904762
2012-04-19,0.5
2012-04-18,0.511904761905
2012-04-05,0.678571428571
2012-03-30,0.547619047619
2012-03-04,0.654761904762
2012-03-24,0.702380952381
2012-03-03,0.666666666667
2012-03-26,0.892857142857
2012-03-27,0.619047619048
2012-03-06,0.52380952381
2012-03-07,0.583333333333
2012-03-22,0.595238095238
2012-03-05,0.72619047619
2012-03-08,0.547619047619
2012-03-09,0.452380952381
2012-03-28,0.452380952381
2012-03-29,0.642857142857
2012-03-02,0.464285714286
2012-03-25,0.678571428571
2012-03-01,0.464285714286
2012-03-20,0.583333333333
2012-03-21,0.511904761905
2012-03-11,0.607142857143
2012-03-10,0.595238095238
2012-03-13,0.654761904762
2012-03-12,0.642857142857
2012-03-15,0.511904761905
2012-03-14,0.809523809524
2012-03-17,0.547619047619
2012-03-16,0.583333333333
2012-03-19,0.690476190476
2012-03-18,0.571428571429
2012-03-31,0.464285714286
2012-03-23,0.309523809524
2012-08-22,0.738095238095
2012-08-24,0.630952380952
2012-08-25,0.785714285714
2012-08-26,0.797619047619
2012-08-01,0.607142857143
2012-08-06,0.511904761905
2012-08-07,0.619047619048
2012-08-04,0.72619047619
2012-08-23,0.452380952381
2012-08-08,0.559523809524
2012-08-09,0.583333333333
2012-08-28,0.654761904762
2012-08-29,0.690476190476
2012-08-05,0.702380952381
2012-08-02,0.535714285714
2012-08-03,0.547619047619
2012-08-27,0.714285714286
2012-08-20,0.666666666667
2012-08-21,0.678571428571
2012-08-11,0.535714285714
2012-08-10,0.5
2012-08-13,0.738095238095
2012-08-12,0.583333333333
2012-08-15,0.678571428571
2012-08-14,0.714285714286
2012-08-17,0.75
2012-08-16,0.630952380952
2012-08-19,0.738095238095
2012-08-18,0.630952380952
2012-08-31,0.47619047619
2012-08-30,0.5
2012-09-30,0.583333333333
2012-09-24,0.571428571429
2012-09-03,0.535714285714
2012-09-26,0.511904761905
2012-09-27,0.47619047619
2012-09-06,0.47619047619
2012-09-07,0.607142857143
2012-09-04,0.678571428571
2012-09-05,0.559523809524
2012-09-08,0.785714285714
2012-09-09,0.583333333333
2012-09-28,0.654761904762
2012-09-29,0.5
2012-09-02,0.595238095238
2012-09-25,0.416666666667
2012-09-01,0.702380952381
2012-09-20,0.690476190476
2012-09-14,0.535714285714
2012-09-11,0.595238095238
2012-09-10,0.559523809524
2012-09-13,0.535714285714
2012-09-12,0.559523809524
2012-09-15,0.559523809524
2012-09-22,0.440476190476
2012-09-17,0.738095238095
2012-09-16,0.75
2012-09-19,0.357142857143
2012-09-18,0.797619047619
2012-09-23,0.654761904762
2012-09-21,0.571428571429
2012-12-30,0.785714285714
2012-12-04,0.642857142857
2012-12-02,0.619047619048
2012-12-03,0.72619047619
2012-12-26,0.583333333333
2012-12-27,0.583333333333
2012-12-20,0.583333333333
2012-12-07,0.547619047619
2012-12-22,0.261904761905
2012-12-05,0.75
2012-12-08,0.583333333333
2012-12-09,0.642857142857
2012-12-28,0.761904761905
2012-12-29,0.630952380952
2012-12-24,0.404761904762
2012-12-25,0.285714285714
2012-12-01,0.619047619048
2012-12-06,0.535714285714
2012-12-21,0.404761904762
2012-12-11,0.559523809524
2012-12-10,0.619047619048
2012-12-13,0.642857142857
2012-12-12,0.630952380952
2012-12-15,0.619047619048
2012-12-14,0.440476190476
2012-12-17,0.75
2012-12-16,0.666666666667
2012-12-19,0.583333333333
2012-12-18,0.619047619048
2012-12-31,0.619047619048
2012-12-23,0.404761904762
2012-05-04,0.452380952381
2012-05-02,0.583333333333
2012-05-25,0.583333333333
2012-05-26,0.369047619048
2012-05-27,0.714285714286
2012-05-20,0.571428571429
2012-05-21,0.821428571429
2012-05-22,0.595238095238
2012-05-23,0.547619047619
2012-05-08,0.809523809524
2012-05-09,0.5
2012-05-28,0.690476190476
2012-05-29,0.77380952381
2012-05-05,0.5
2012-05-24,0.607142857143
2012-05-03,0.5
2012-05-01,0.52380952381
2012-05-06,0.559523809524
2012-05-07,0.630952380952
2012-05-11,0.547619047619
2012-05-10,0.666666666667
2012-05-13,0.440476190476
2012-05-12,0.5
2012-05-15,0.595238095238
2012-05-14,0.595238095238
2012-05-17,0.559523809524
2012-05-16,0.642857142857
2012-05-19,0.428571428571
2012-05-18,0.488095238095
2012-05-31,0.595238095238
2012-05-30,0.714285714286
2012-10-22,0.559523809524
2012-10-02,0.571428571429
2012-10-03,0.511904761905
2012-10-26,0.535714285714
2012-10-01,0.583333333333
2012-10-20,0.595238095238
2012-10-21,0.666666666667
2012-10-04,0.547619047619
2012-10-23,1.0
2012-10-08,0.547619047619
2012-10-09,0.440476190476
2012-10-28,0.607142857143
2012-10-29,0.511904761905
2012-10-05,0.607142857143
2012-10-24,0.678571428571
2012-10-25,0.452380952381
2012-10-27,0.654761904762
2012-10-06,0.72619047619
2012-10-07,0.630952380952
2012-10-11,0.511904761905
2012-10-10,0.72619047619
2012-10-13,0.654761904762
2012-10-12,0.702380952381
2012-10-15,0.821428571429
2012-10-14,0.547619047619
2012-10-17,0.607142857143
2012-10-16,0.547619047619
2012-10-19,0.464285714286
2012-10-18,0.392857142857
2012-10-31,0.5
2012-10-30,0.511904761905
